indice,titulo,descripcion,carpeta,imagenes
0,"Depto para 3 y 4 personas, Av Callao 966","El depto incluye:
Ropa de cama
Toallas/toallones
Utensilios de cocina
Heladera bajo mesada
Microond Leer más
Enviar mensaje a la empresa","01 - Depto para 3 y 4 personas, Av Callao 966",8
1,"Depto para 2 y 3 personas, Av Callao 930","Detalles
El depto incluye:
Ropa de cama y toallones
WiFi y Tv con cable
Aire acondicionado y calefacción cen Leer más
Enviar mensaje a la empresa","02 - Depto para 2 y 3 personas, Av Callao 930",10
2,"Depto para 1 y 2 personas, Av Callao 930","Detalles
El depto incluye:
Ropa de cama y toallones
WiFi y Tv con cable
Aire acondicionado y calefacción cen Leer más
Enviar mensaje a la empresa","03 - Depto para 1 y 2 personas, Av Callao 930",10
3,"Depto para 2 y 3 personas, Av Callao 966","El depto incluye:
Ropa de cama
Toallas y toallones
WiFi y Tv con cable
Balcón al contrafrente
Hela Leer más
Enviar mensaje a la empresa","04 - Depto para 2 y 3 personas, Av Callao 966",10
4,"Depto para 3 y 4 personas, Av Callao 966","El depto incluye:
Ropa de cama
Toallas y toallones
WiFi y Tv con cable
Aire acondicionado
Utensilio Leer más
Enviar mensaje a la empresa","05 - Depto para 3 y 4 personas, Av Callao 966",10
5,"Depto para 1 y 2 personas, Callao 930","El depto incluye:
Ropa de cama y toallones
WiFi y Tv con cable
Vista a la piscina (luminoso)
Aire a Leer más
Enviar mensaje a la empresa","06 - Depto para 1 y 2 personas, Callao 930",7
6,"Depto para 2 y 3 personas, Callao 1234","El depto incluye:
Ropa de cama
Toallas y toallones
WiFi y Tv con cable
Aire acondicionado
Vista ha Leer más
Enviar mensaje a la empresa","07 - Depto para 2 y 3 personas, Callao 1234",10
7,"Depto para 2 y 3 personas, Callao 966","El depto incluye
Ropa de cama y toallones
WiFi y Tv con cable
Aire acondicionado
Utensilios de coc Leer más
1A
Enviar mensaje a la empresa","08 - Depto para 2 y 3 personas, Callao 966",8
8,"Depto para 4 y 5 personas, Av Santa Fe. Recoleta","Detalles
Enviar mensaje a la empresa","09 - Depto para 4 y 5 personas, Av Santa Fe. Recoleta",10
9,"Depto para 1 y 2 personas, Callao 966","El depto incluye
Ropa de cama y toallones
WiFi y Tv con cable
Aire acondicionado
Utensilios de coc Leer más
Enviar mensaje a la empresa","10 - Depto para 1 y 2 personas, Callao 966",10
10,"Depto para 3 y 4 personas, Av Callao 966","Detalles
El depto incluye:
Ropa de cama y toallones
WiFi y Tv con cable
Balcón vista al contrafrente (lumino Leer más
Enviar mensaje a la empresa","11 - Depto para 3 y 4 personas, Av Callao 966",10
11,"Depto para 1 y 2 personas, Callao 930","El depto incluye:
Ropa de cama y toallones
WiFi y Tv con cable
Aire acondicionado
Calefacción cent Leer más
Enviar mensaje a la empresa","12 - Depto para 1 y 2 personas, Callao 930",9
12,"Depto para 3 y 4 personas, Av Callao 966","Detalles
El depto incluye:
Ropa de cama y toallones
WiFi y Tv con cable
Aire acondicionado
Calefacción a gas Leer más
Enviar mensaje a la empresa","13 - Depto para 3 y 4 personas, Av Callao 966",8
13,Depto para 2 y 3 personas,"Detalles
Enviar mensaje a la empresa",14 - Depto para 2 y 3 personas,6
14,"Depto para 1 y 2 personas, Callao 930","Este depto incluye:
Ropa de cama
Toallas y toallones
WiFi y Tv con cable
Aire acondicionado
Calefa Leer más
Enviar mensaje a la empresa","15 - Depto para 1 y 2 personas, Callao 930",10
15,"Depto para 1 y 2 personas, Recoleta","Qué incluye este depto?
Ropa de cama
Toallas y toallones
WiFi y Tv con cable Flow
Utensilios de coc Leer más
Enviar mensaje a la empresa","16 - Depto para 1 y 2 personas, Recoleta",10
16,"Depto para 3 y 4 personas, Callao 966","El depto incluye
Ropa de cama y toallones
WiFi y Tv con cable
Aire acondicionado
Utensilios de coc Leer más
Enviar mensaje a la empresa","17 - Depto para 3 y 4 personas, Callao 966",10
17,"Departamento para 2 y 3 personas, Av Callao 930","El depto incluye
Ropa de cama y toallones
WiFi y Tv con cable
Utensilios de cocina
Vista a la pisci Leer más
Enviar mensaje a la empresa","18 - Departamento para 2 y 3 personas, Av Callao 930",10
18,"Depto para 2 y 3 personas, Av Santa Fe","El depto incluye
Ropa de cama y toallones
WiFi y Tv con cable
Aire acondicionado
Utensilios de coc Leer más
Enviar mensaje a la empresa","19 - Depto para 2 y 3 personas, Av Santa Fe",10
19,"Depto para 5 personas (primera parte), Callao 966","Detalles
El depto incluye
Ropa de cama y toallones
WiFi y Tv con cable (living y cuarto principal)
3 camas d Leer más
Enviar mensaje a la empresa","20 - Depto para 5 personas (primera parte), Callao 966",10
20,"Depto para 3 y 4 personas, Callao 966","El depto incluye
Ropa de cama y toallones
WiFi y Tv con cable
Aire acondicionado
Utensilios de coc Leer más
Enviar mensaje a la empresa","21 - Depto para 3 y 4 personas, Callao 966",9
21,"Depto para 2 y 3 personas, Callao 930","El depto incluye
Ropa de cama y toallones
WiFi y Tv con cable
Aire acondicionado
Doble anafe eléct Leer más
Enviar mensaje a la empresa","22 - Depto para 2 y 3 personas, Callao 930",10
22,"Depto para 2 y 3 personas, Callao 966","El depto incluye
Ropa de cama y toallones
WiFi y Tv con cable
Aire acondicionado
Utensilios de coc Leer más
Enviar mensaje a la empresa","23 - Depto para 2 y 3 personas, Callao 966",10
23,"Depto para 1 y 2 personas, Callao 966","El depto incluye
Ropa de cama y toallones
WiFi y Tv con cable
Aire acondicionado
Utensilios de coc Leer más
2C
Enviar mensaje a la empresa","24 - Depto para 1 y 2 personas, Callao 966",9
24,"Depto para 1 y 2 personas, Recoleta","Detalles
Departamento para 1 y 2 personas con patio interno, las camas se pueden unir.
Enviar mensaje a la empresa","25 - Depto para 1 y 2 personas, Recoleta",10
25,"Depto 1 y 2 personas, Viamonte 1815","Detalles
Enviar mensaje a la empresa","26 - Depto 1 y 2 personas, Viamonte 1815",10
26,"Depto para 2 y 3 personas, Callao 930","Detalles
Enviar mensaje a la empresa","27 - Depto para 2 y 3 personas, Callao 930",10
27,"Depto para 5 personas (segunda parte), Callao 966","Detalles
Enviar mensaje a la empresa","28 - Depto para 5 personas (segunda parte), Callao 966",8
28,"Depto para 1 y 2 personas, Recoleta","Detalles
Enviar mensaje a la empresa","29 - Depto para 1 y 2 personas, Recoleta",10
29,"Depto para 2 y 3 personas, Callao 930","Detalles
Enviar mensaje a la empresa","30 - Depto para 2 y 3 personas, Callao 930",10
30,"Depto para 1 y 2 personas, Callao 930","Detalles
Enviar mensaje a la empresa","31 - Depto para 1 y 2 personas, Callao 930",10
31,"Depto para 1 y 2 personas, Palermo","Detalles
Enviar mensaje a la empresa","32 - Depto para 1 y 2 personas, Palermo",9
32,"Depto para 2 y 3 personas, Callao 930","Detalles
Enviar mensaje a la empresa","33 - Depto para 2 y 3 personas, Callao 930",7
33,"Depto para 1 y 2 personas, Callao 930","Detalles
Enviar mensaje a la empresa","34 - Depto para 1 y 2 personas, Callao 930",10
34,"Depto para 1 y 2 personas, Callao 930","Detalles
Enviar mensaje a la empresa","35 - Depto para 1 y 2 personas, Callao 930",9
35,"Depto para 1 y 2 personas, Viamonte","Detalles
Enviar mensaje a la empresa","36 - Depto para 1 y 2 personas, Viamonte",10
36,"Depto para 2 y 3 personas, Callao 966","Detalles
Enviar mensaje a la empresa","37 - Depto para 2 y 3 personas, Callao 966",10
37,"Depto para 2 y 3 personas, Callao 930","Detalles
Enviar mensaje a la empresa","38 - Depto para 2 y 3 personas, Callao 930",10
38,"Depto para 2 y 3 personas, Callao 930","Detalles
Enviar mensaje a la empresa","39 - Depto para 2 y 3 personas, Callao 930",9
39,"Depto para 2 y 3 personas, Callao 966","Detalles
Enviar mensaje a la empresa","40 - Depto para 2 y 3 personas, Callao 966",10
40,"Depto para 3 y 4 personas, Callao 966","Detalles
Enviar mensaje a la empresa","41 - Depto para 3 y 4 personas, Callao 966",7
41,"Depto para 2 y 3 personas, Viamonte","Detalles
Enviar mensaje a la empresa","42 - Depto para 2 y 3 personas, Viamonte",10
42,"Depto para 1 y 2 personas, Florida","Detalles
Enviar mensaje a la empresa","43 - Depto para 1 y 2 personas, Florida",10
43,Depto para 1 y 2 personas,"Detalles
Enviar mensaje a la empresa",44 - Depto para 1 y 2 personas,10
44,"Depto para 1 y 2 personas, Palermo","Detalles
Enviar mensaje a la empresa","45 - Depto para 1 y 2 personas, Palermo",10
